Temperature_of_Mass,Jacket_Return_Temperature,Chemical_Reactor_Pressure,Chemical_Reactor_RPM,pH,Weight
23.66445326579153,64.36818720112947,140.238566045123,1219,6.687067711827853,14.694050119219344
24.272906418345087,74.62085259350779,148.3125434557511,1221,7.756089161846886,12.960588475682005
23.591426616393676,61.86535187374448,180.04084539441067,983,7.640771256232903,12.434868339111986
24.651834346996345,68.01347552435314,128.1290485059297,1020,6.92675566579728,12.316975170059882
21.001774415198913,54.653104431334874,141.47184548478484,865,6.345865058055257,13.767640653523639
21.66546693071181,67.81902076330599,103.6877372517061,1184,7.062683391591283,14.333268193513543
21.94269183069984,51.49255904061011,117.31390309407273,914,6.399056567123413,13.037354095497436
21.889143669850014,73.02311654474182,168.13549077964802,851,7.038929258739096,14.877379134478833
27.985964528029502,67.78503219741663,157.35765067366333,1002,7.154771838650917,12.135139159468814
22.42622797683783,55.90706896901635,126.9248413649766,1204,6.0695377250135545,14.446241390430723
20.642937448334806,59.97604543156443,109.3300782497172,1049,7.323370149265105,14.76335652405387
22.330958006526163,79.85417020096439,125.56037982360391,1084,6.016292625800062,12.074488748131433
23.035766526997516,69.47773576815592,171.11297831658584,1036,7.019341454301737,12.103114124757795
21.913112835642007,61.422120038035445,131.17214312879875,969,6.9241991699466645,12.441516344344208
22.253180425813255,76.76461597362427,148.79760402029282,1027,7.2943414053007745,14.902121944542253
26.780668307991917,78.35236468362234,181.23943603747665,1033,7.577989598157935,14.542635433394942
23.249713168455543,64.86574243548128,113.07531903761243,982,7.632723668667811,13.36773472904995
25.842956113201502,77.46525242167269,126.75814833288752,1242,6.528980024682447,12.130630801079144
27.045506454845864,50.16993626971703,198.23954379574943,945,6.357386378543856,12.582725883209761
27.3449882087953,55.10766737895419,133.49351467110677,856,7.299171340162818,13.707781180271803
20.041874814499796,76.00832327886992,143.4152877760551,1168,6.253525302839044,14.60006325969351
20.916816046540983,54.325448438448504,179.92990971998896,1073,6.730879036113755,14.204536141171943
21.46991968673813,65.33611338349812,164.818860780789,889,7.441036274945024,12.033782138641863
21.93166332336893,79.2767350148618,176.61337658112427,978,6.586366314057601,14.18687275483716
26.347060718270285,53.54929104864955,137.5991326220771,1196,6.935914299015684,13.599479816562374
21.531513489530266,72.48799473123223,121.95928119822727,1003,6.806029087874366,12.502960496141224
20.233395957146804,57.958115232251274,112.76164962234101,1219,6.6616605935431625,14.497872511037837
27.546213522444486,57.49173160830277,172.5595837270046,1122,6.506677366588529,12.992959135553335
22.6779805550466,60.88985195811041,177.79452466246482,998,6.647143216055314,13.430688448418215
20.570208296706507,79.31909512190109,132.47326957394858,1135,6.465746610000259,13.813776350987592
26.0401056252272,67.526869046352,194.73652112314915,1041,7.5266512240802586,13.664212617378375
25.506040322752856,60.31411350394012,145.46057360453963,954,6.904369098557545,13.474101049799229
21.20238363943779,77.35254223241867,197.92123361798934,953,7.390338398316348,14.781920537663296
26.919034181337082,67.64558648896823,151.71070291436374,1111,6.374460990483416,12.955159896500575
24.80376419157602,52.09509607635676,180.17165514456644,851,7.106424292392982,12.925779031268288
23.751118630702365,77.74651359790738,115.71201911553243,1236,7.063438153963866,12.665630104234923
27.58094730918678,64.03296010719029,198.82259237116057,1165,6.358518670636185,12.289056538880157
27.0827397429786,60.12755242650755,199.13095517715158,1173,7.440308722219263,14.21247642918948
20.73329813624335,57.4294957004219,109.02717589688903,1124,7.36148266411558,13.798778563669739
23.65049083897603,64.02637138402528,106.39940505402423,1182,7.488079576070207,13.5361782075301
24.352006615177828,66.51218989507969,129.0693341925355,1137,7.724137777879166,12.872739743512177
24.62150642413603,68.60783544782552,154.59261737856315,922,6.995526665267624,13.697250346151986
21.175020559989694,73.6039204752128,141.43758250759265,1138,6.061284088319907,13.482417059797642
25.87312524352139,65.45022687093464,134.7053992157212,1223,6.789220620348437,12.764082733162327
23.281580442790073,63.97855733444631,192.3590429204279,875,7.686067532188138,12.283898912142527
26.83445542308069,52.684466326156404,153.95353751887143,870,7.403996243304833,12.472380617601484
26.062721243155817,71.2557475358157,121.5348266996231,1100,6.390417508245527,12.203891786442597
24.544159612415122,73.87606126795168,190.8313270366828,1189,7.039795316843706,13.62688335393472
24.093968108625027,57.50220545014774,197.35025998935714,879,6.271088467658135,13.596484993616611
26.61939673988902,53.69632098744551,190.88460090901413,1109,6.328072615530468,13.436996483406885
21.93470110965852,69.79819187957447,136.99728308899566,1122,7.0645915021194,13.126151553565766
20.531825547940443,53.07770189284986,185.70293236780117,1110,7.932753885679039,12.716715760974413
23.27528530037992,69.2168900509842,141.2877372327791,1079,7.410729478557455,14.321909623592521
25.025256601945927,50.35383453834316,147.8205112734198,1183,7.358044891934363,14.408637503763114
27.319099976236778,60.70757733440908,192.456460203773,1142,6.603190899808238,13.19260766141823
22.12448308577649,69.65591231846346,101.5274543229685,899,6.843461341781595,14.447574268826385
26.434462346491877,54.06201429839325,190.67139850905954,1231,6.8009661935057455,13.383051645650221
21.056257970224195,72.62011701263214,159.8081464132647,1221,6.837487505925905,12.381832137947193
22.583127182627543,53.71548008094483,190.9445799572645,950,7.198629730865018,14.69728160117706
20.52457719398359,60.56086336426546,144.51102295051464,970,6.744415791567505,12.625486424490111
24.158011793519997,56.29291565526157,187.06811014881424,882,7.491666171515071,12.744577372240276
21.064885096511382,59.12754477487398,126.89483687140091,1079,6.26532696247544,13.157861050361047
24.55070801439694,52.34819823602048,177.99279675933911,1107,7.108879703921529,13.398806317770115
24.791877818420936,58.19396935136221,151.83589908607794,1224,7.393248932335445,14.25929402325961
21.190649050311237,58.801222088974924,122.4459030663521,1033,7.9499221537925715,12.360345230343816
22.20359999158876,60.681484067961605,180.73150086969787,1148,7.476515317407168,13.738763741210505
26.604162741625974,52.222502220326774,101.99315117311718,1143,7.295040281232678,14.129186591377229
26.340275569947913,57.30013864730231,120.80666462384585,1204,7.68965200604195,12.36802954675641
22.718375270155192,63.0558376878233,167.71216936371582,1027,6.088192672649566,14.596606325676984
20.256347111424226,63.33219173305115,113.17657810371274,916,7.269027779337225,14.16707904707623
26.071329327677432,73.49221021519503,138.55931843536518,1219,6.873417263514339,13.704764396523576
24.41320301555485,51.0784854750613,159.81868481444104,906,7.06185763890515,13.694143141530724
22.879031505626667,60.003723199921254,188.99816469168866,1078,6.57651223369946,14.523377687081762
23.789919916811872,65.3831008048239,187.76797787524214,1214,6.5150392101013646,12.028865884169655
23.64149948199027,51.93271283133426,167.40842464408883,963,7.11063327574118,13.78304982757181
21.36758705400101,54.27761650454279,106.11103661309733,1197,7.6486801504843855,12.49812705876565
25.953549215790755,67.45134579417098,153.57496690379102,1108,6.008872784509532,13.567192723461991
27.980828145339466,65.75847846163964,116.05892463922456,870,6.563578526216103,12.107714755412808
21.98831608154112,79.42839672992932,118.89632561727018,850,7.7140111712690045,13.850762485611094
23.68553836463698,77.05178353120296,172.13192277766052,867,7.947459393716353,13.736098237591246
26.986370129512835,72.82143233558183,187.799694201386,1042,7.931642056097617,14.49068943085914
20.226167415296242,77.69109541905198,144.87140064308167,922,7.81683473550652,12.985222925812742
25.249005265577523,51.08349680868069,109.04611935272982,946,6.946195549501648,12.894509830662944
21.486432993839035,72.90261807298435,156.34455231537223,881,7.325466745338286,13.884930186310633
23.061953829298552,60.87645939741066,118.65960390041081,1227,6.732915535600544,12.46860781020416
26.698484089291004,53.546562271305056,170.87918004595048,1135,7.7497073864394785,14.339767429049594
20.31903792172717,75.58608762250265,181.03805271628858,959,6.964067244702191,14.964994332588082
26.777557088543833,67.73870153950939,108.0627011984156,888,6.126140967846842,12.716642336215767
27.673213939817167,62.43535060558981,147.8636279100131,994,7.777770347625639,12.082110066867067
26.686272680989244,64.59676301116319,167.4660311314037,1197,7.99505085553201,14.315062834512963
27.571565202564802,51.05943108444013,197.52984290831083,1177,7.7349997171686,12.816806922746519
27.655260946674144,51.69695618139782,116.19908335591502,1209,7.643820460162599,14.570680959300333
25.915170989603855,74.04147878285613,122.00229853187683,930,6.484044516137345,14.078296545460807
26.09076335637613,56.203151075950906,194.10069038712592,905,7.647765201315636,14.9072138425813
23.12912666504285,66.16902349832816,110.13988011311172,918,6.270139032492359,13.904703536684577
21.379181534102177,55.54153464252328,115.86816185182937,1127,6.778586806299751,14.883200012623735
26.170070072039675,69.95583700195336,149.18324768990394,1247,6.6023001037830085,14.763712216214849
25.981014747648782,60.86973179051567,174.98224620772632,1071,7.198478061644988,12.861651511021355
22.909775606147896,65.80652940094852,118.08753033863997,1110,7.449931628453639,12.308114496853833
25.303471816847292,58.004775335647956,167.91347877240045,863,7.909298020818845,13.920392273415825
26.38395805030574,54.772106087914615,112.90695576123343,937,6.663169994217079,14.517991373430592
25.977580657312608,70.08914408074367,171.23031511395263,1050,6.794347501466486,13.046166828074622
22.168444948657367,58.90724640222029,139.2124556711832,1020,7.83809115972006,12.687873351561262
21.0760516481381,78.67047437051683,185.84534249126895,1043,6.140990888008729,13.975143796545233
22.942724348932533,54.72807090051194,110.9141971505666,1120,7.637492742802,12.024753934372407
20.954022227700015,70.56290898021786,124.87737232558973,1160,7.371427308020737,14.56270057273819
26.400778705665488,57.2648511453098,182.23631988029962,965,7.043620677820225,12.646568889996399
24.782768124389307,64.65777340825053,100.97558518978639,1105,7.631843182995484,14.882853239708004
27.036435541141984,77.56643302019613,199.79938026886128,886,7.133342594376225,12.6824367644685
26.615636139633104,78.7672950311854,110.81345159390578,871,6.620747115134921,12.40866451818997
26.573299520899212,57.998488031689114,161.7338285905575,904,6.186937046114187,13.062318248555961
23.217249811378508,64.57752837994315,156.90557418829843,1062,6.595721519152458,13.827397080689806
26.876895693507162,70.47403671278983,177.31227884363432,1149,6.45784911660539,12.325396375648591
26.21516612923633,66.80528974125588,197.86060320569408,872,7.092022971326885,13.910176928556716
25.369094407410874,65.481219512866,141.9237667001009,1222,6.549917460257728,14.58377768953766
20.85123648619915,53.394652215013444,177.3425756837902,979,7.263263039489496,13.615529469069202
20.93246473225444,67.00007122438619,183.0265339478925,1164,7.2092925660411415,12.707240907672826
24.998176465692694,74.67624883777177,146.78318885482506,1183,7.087597042206609,12.40892863645186
22.87458804064348,79.57435304574989,185.4396594986908,1178,7.052578783503588,14.033275960070737
24.8788494253685,58.913638396521094,152.96794345132534,1153,6.820688142522662,14.215029885795378
25.287741748037185,63.93585819487578,156.2297584840557,1136,6.809977901239865,13.602488400752689
23.888073153110323,53.639345028347044,134.07372779930876,1080,7.9618853331650845,14.644026217226735
26.224333245643628,71.67332473103691,158.37101004346704,1248,6.986284629408974,14.727040659259638
27.073233139874617,53.02378360983306,121.63707268872727,931,7.096475489849708,14.08235333466333
27.659534791050156,68.70899326439583,135.77038695667727,1120,7.623639119600818,14.065304278961131
20.406989083729215,55.72344752109831,198.4038254142838,1199,6.603804786251652,14.713054368790011
24.445565281043187,52.59609285652301,126.46761133214747,1163,7.723395661776284,12.689233999610728
23.41818095685011,51.24954699568212,130.21229634453059,1150,6.9143475468372015,12.47747316558621
27.944652294411323,60.36101282395576,174.69358055241085,989,7.483213923207083,13.086750302666088
21.23557607685042,55.59051228894567,163.90174940916197,1071,6.718685735106208,12.40689671466932
23.87186087864915,52.78226308135887,197.73614131799678,1041,6.3082968811214215,14.73355802125994
23.186125325485975,62.13696107096149,101.78191836138019,896,6.214329825336169,13.439536436347847
24.419554552486225,73.01153443396387,114.78558727619502,868,6.710507270140066,13.94900698030754
27.3292357551784,51.577838723872794,126.14753949900566,948,7.59551844807644,13.548936827479665
27.318749618289786,54.978253747462475,110.45735388778732,1136,7.996544532603373,14.514058593796616
22.328562986530983,56.82958265811452,193.80009142605599,1185,6.756521808219952,12.87079540047475
24.37298070668423,67.82799818513475,195.1511472956925,1214,6.2888442347386775,12.46241793422521
21.72761322757531,62.804316016534194,140.25594808954307,1166,7.504949922039373,13.519874076278871
23.732372278790507,65.444005002958,110.78907191879036,980,7.468579352041527,13.59683632434103
22.444775777235282,78.92373400321755,142.894321162906,965,6.409768317642458,13.470558948449096
23.290043014360787,56.37654803171617,162.56312117681438,1001,7.920423862059191,12.9001518553105
21.5136547063979,53.66524574936111,187.61986620507238,929,7.631375365971818,12.411053147192076
26.164231363018445,56.223684065232504,110.53758462007298,1148,6.209019462490918,12.149779983976451
24.43063809691254,71.04978492696439,159.4105070744036,853,6.8230419601155265,14.897802309737482
22.069897573245594,59.74714518798439,115.86713413863716,881,6.833530258266313,13.659933765241373
24.21920019303915,57.087900540449525,157.02551687393967,858,6.6640513134021635,12.917149332256855
23.583420911801564,56.13928842573509,110.76454206365372,1245,6.2203879101674655,12.657697160318873
21.15072012843555,74.44021233208117,182.4506978151868,1093,6.535027765375448,13.56413018453834
24.89120934363725,69.34267178748937,111.50175706318909,1172,6.775903615503012,14.61322397579374
23.25583348590249,62.988862733545666,158.02983699573832,1195,6.605157875050098,13.415598573501526
26.063970363223227,51.86576101019667,184.04361440791962,1055,6.2983789308147635,12.252653960771259
26.995525058758503,76.9626430449855,183.84749084877222,1098,6.831817956371774,13.819927649419114
21.17263801538292,55.17513959012408,138.5619617431753,1054,7.315396687076809,14.822943126529571
23.05142405537962,55.12449824045385,125.96190896244292,881,7.422238531814312,14.54376250760776
27.934430530624827,60.84591170852261,147.51681062429066,1185,7.306621044728406,12.131892572517131
22.175184559847924,78.02055676878051,186.0914433067323,1185,6.687671501502437,13.246568303632126
20.87701625190151,69.01241048410138,123.12091385161759,1162,7.46393542659116,14.503211347169374
25.330949997671695,54.397399960197696,136.75933360408578,1079,7.788088352530892,14.913677594099212
21.75963058064991,76.02867971924945,163.21605761350338,1004,6.785053118792984,12.043128633709513
24.716047883514573,58.95761914671799,131.23371044894515,1175,6.136847867182921,14.549104973738123
27.409812367218482,77.63317453417034,110.44792647948019,1157,6.867711937242131,12.568279806986803
21.662164409664793,66.61280483091403,125.69199023797518,1177,6.7900438351866566,14.075091028949803
27.877861251168277,74.12702089905032,130.46131787156298,1066,6.556770003403502,14.675535099068814
24.357364696604005,73.09191736078867,187.28430640905228,1194,6.167225181910229,13.033591876775063
27.61913585199123,59.97997785186237,181.41094267403358,1153,7.0374612700475065,13.072814409646309
26.874195194289722,64.72151374213726,140.34240581927668,908,7.483807918818023,13.78419620201403
21.363963793781544,74.97894644809014,139.29987543062006,876,7.70771324199457,14.271106069648438
27.926064051936017,60.527933514307975,175.05503663678672,979,7.347457438019531,14.258189936946538
26.47543356307362,72.91967460947578,132.00861685136772,1044,6.603870287230858,13.739332650661307
24.91341975210316,72.62873745548518,148.56202307251772,1034,6.206474543848866,14.168572515249691
27.231496502488845,57.157292570605215,178.3432135903942,905,7.0022966986627715,13.172053096255
27.313417566509543,72.66854750957444,136.5379910412988,1115,6.849631579423406,13.638029515060822
27.464827999580983,71.09215106988114,151.51529690836938,1123,6.354106423065955,14.992588030944713
26.533039643116666,60.98316319203181,164.35982831303642,1170,7.87058840158927,14.226934358348473
24.199865422426857,67.34747831441128,111.57610601566059,1180,6.54727036747904,13.753749338291243
26.029559141275833,73.8231508546558,183.91453719414494,989,6.2190977835930905,12.024825763925584
22.14552750321559,77.46556431895075,197.7548933853169,1068,7.193924909279488,12.752793945941129
27.16687313345793,57.45605159499216,135.0619717969977,854,7.626289431164473,13.71870698888578
26.39503050027573,54.02985096938946,140.61416149881603,987,7.899420286336022,13.612168721590466
21.237208676478858,67.7384807294969,193.5354554985671,899,7.175174141123774,13.072653220562247
23.233190079855508,78.64863506146393,101.46802351840905,1244,6.046212473492095,14.215461206360871
26.195742771183642,66.7077991589363,158.53287217479235,912,7.107728863162048,13.366322764208206
20.393692348317877,50.63269621768641,195.26498164693237,1065,7.7221318910469305,12.201789158639858
21.765102292067745,79.57672561727767,199.22719749327968,1189,7.961827016799712,12.433542273876785
20.220500593422784,58.03589077110276,159.04796094062607,1053,6.344862837210465,14.723245141081279
23.41677105309044,74.5211811010829,194.09277568024885,1171,6.386480705769808,12.528875652225125
21.694760667973572,71.74286947589256,164.2778494106697,874,7.962245249480278,13.136313919074343
23.6366480698097,74.78399799778737,157.72942977774736,950,6.591021264503784,14.722393845135613
26.272608425268224,62.57385474051615,199.56142909175503,896,7.656375296752757,12.611606025029804
20.103738963698156,51.1903607216063,118.4341980666658,1132,7.5513376742868425,12.110023324219641
20.417016050350234,63.617969959887375,127.29479545462084,1004,6.758198185611398,14.944682786074067
20.03079199698569,51.22714833799001,129.17837957721062,1078,7.560416209876793,14.194858695072892
26.266870876286312,76.10114085230563,110.40737452555483,1053,7.309862418035963,14.770594877086996
23.66880374953112,61.01693068626354,136.01875161914379,907,6.459575077997296,14.151669870274748
20.98456159528071,68.46440956808581,142.99674730261802,1213,6.748019540980196,14.243767102354868
23.13399527429658,61.48709409331431,160.0170166237051,1107,7.097880621455908,13.290115756397457
26.87489835469401,74.03688730836636,184.08457360084134,892,7.308838034546122,12.543588370379805
27.604350719143874,62.46687112529077,133.14506721765846,1137,6.806957637909592,12.547142949736136
21.729395662144682,70.5987363797222,181.19763019286802,1063,7.488794796247619,12.004839725691937
24.00935571708037,70.26321320457376,119.8381980793855,1136,6.370709444741971,12.700099787412102
23.68559413821996,79.3787275429508,121.0952262754683,1007,7.578623419242231,12.364400549686343
22.226203525933293,62.807247655406634,111.78435267643539,1198,6.902245969535905,14.18589939887779
24.183715273447362,68.1552615825014,134.20436260164942,1076,7.106872656076135,12.491109916097276
24.283157839435198,56.78068612865247,140.7886523935895,856,6.07698980087543,13.874732301571036
22.237908100708005,78.52486103963132,111.4638955072376,1008,7.161864902851338,12.701837245126873
22.24762872186171,50.19828599113491,196.914089793119,1089,6.995386051328299,12.523389822772522
24.92631683174134,51.71208854870798,198.16663208214663,1229,6.412650145651155,12.723841422831718
20.181297795382612,78.04394090119027,102.58723792386299,1007,6.519567561682407,14.60972720291375
26.919616890577643,66.26859870221452,191.43931925533155,1212,6.193544392957971,13.996192150164154
26.19049855535793,68.81659297263491,134.06364460908011,1108,7.953836430301588,14.120214507526548
24.293763771579776,51.041980730778114,147.30771961643515,1005,6.4861565236427605,13.350092277534928
26.599829539824484,55.23406618467919,173.83026953431857,1237,6.030807707050785,13.913244086847241
24.534453129877225,61.21987852786465,126.97020450760965,1153,7.301905647106759,13.203208896851653
26.340365853311628,67.0844068847572,160.51432453673482,1214,7.877925277806344,12.56722600394934
24.483167731253012,76.78645288217972,116.97977979686029,1010,6.717796584551083,13.53304084534059
24.570178775719867,52.9123903320684,151.27608472519864,1240,6.466610658306739,12.098771993105633
22.32731900749138,54.92451285328178,128.17762065291285,1094,7.566231566034916,12.376200130131778
20.64583025132887,62.086790607579275,151.6644067526968,1110,6.5869440637768895,14.692684837551772
27.30710663009078,50.494207990248626,146.05217921355228,994,6.699045401551521,14.286803783259021
26.176058717906333,52.1426703977001,157.17536084473042,1094,6.035767678185743,14.410735335635387
21.179939390862188,66.24835482308308,132.38986282914152,1213,6.5898346861642025,13.806655287921243
27.89333758467724,59.71476607867112,100.35130956388001,1207,7.044414715522438,13.939867894369312
24.014396494184503,67.2482393559737,139.4787689445814,1151,7.237512555638825,13.418154149569688
23.827972523364995,79.56760451803686,169.42900928887752,929,7.804057626192421,12.594374167366574
23.244000562361823,70.26627548952465,136.1461441406595,1164,7.923403999682612,14.834374667598905
25.663088568232734,50.50883418001744,104.46077612461889,1038,6.684194474249146,14.674349865584276
25.670354972158606,78.144629920507,121.11389427541738,944,7.89341101019891,13.213045571078784
20.719298727889047,68.18477207368069,191.4393243055222,1018,6.100925790441832,13.85532627728936
27.605963139910447,63.69593580787409,180.62754548833698,881,7.762399668728814,14.424804148462055
25.00044208842379,77.8872481898883,161.33596155922618,1061,6.460449914601307,12.018638150774736
22.267065345574082,56.291861129569064,120.54817799964711,1159,7.037869137133711,14.22962337010834
24.446293680097998,62.44262274684977,110.48380376579917,1062,6.047573692033188,14.703395373424843
26.008869030851375,54.30239466268585,145.00812876409591,1231,7.586887091326223,14.241660120264035
21.472349365640476,68.7789429986382,141.0032366064147,1149,6.627592975040427,13.26133022708239
23.529659314372964,68.08327031349124,123.38563507222175,1138,7.491767557237883,13.902552864474153
25.00033980981886,63.4566519329916,177.54349307084573,916,7.010933364238521,12.893193710751822
22.126036982687566,55.44127294090962,199.55569331855844,1089,6.873252988658535,12.040563857815963
21.887176040067953,68.34429401574599,194.2066117636403,881,7.898858873147751,12.214533135073241
21.4813676466363,74.83123218886519,156.36998847886318,1189,7.4720407664333655,14.765170364258543
25.502391868233055,67.92621609653798,101.36810640546658,1016,7.77539045335706,14.469028959961639
21.65529028244876,77.84664486708515,172.7310059755511,907,6.067789658005591,12.15478650011149
26.061091601021374,77.63160815658831,176.0111679097701,1248,7.170792618020853,12.242164542261222
25.052205893928505,61.73158504046289,141.17132808395377,934,6.036123574868292,12.608237429810218
23.68107106836501,68.4017432575277,123.5056775462179,861,7.363666129929674,14.999059379469188
20.460804723025934,54.589665149593365,146.3417511705693,1018,7.880823618847833,13.487760747195358
26.083341816461402,79.57990656132263,137.66063056760171,1068,7.7538538059229065,13.608073007146071
22.992160558375335,74.30092394459808,120.15490487614434,850,6.959551168762033,12.003707970130371
24.234515629737054,50.51393586710296,151.0637923312339,865,7.600453744561348,14.063975139142933
24.735958968047022,79.65505069148128,177.0432006555269,893,7.2295825550407145,13.707380604837274
26.57391339996463,60.549731037890396,143.53086415114444,902,6.162690888530769,13.205243506139361
25.817667688774357,72.44690735336997,108.42361576357669,1014,6.3001089386392835,13.847007019706515
22.091113365362332,69.23463870396347,127.15137346537242,1010,7.470633377085015,13.666076279800167
22.914166561736803,54.75161779776444,132.64940934094096,885,7.436858767928519,14.343866978485492
27.745026765029166,69.18691035596285,100.64249270956665,957,6.638639139612412,13.685805966953682
27.0738023043343,63.657845104536385,196.73719290112717,1074,7.740939863108103,12.870818831317878
21.669013793112676,53.16325923268657,189.30182628222923,1112,7.0334800167820895,13.476326927052083
24.28283968292076,65.11015434361684,188.3429109706983,914,7.973452656708295,14.113816679422015
24.885730798934205,66.93189561268971,133.57873411628984,917,6.867680956570902,14.053225278638362
21.57376805650051,51.63129462116195,158.30073156904305,998,7.994493011752235,14.106489732454179
27.085976233872486,52.56484843423201,159.59623659528367,1223,7.695218001304996,13.226010188361634
25.650254481829798,57.240851690557314,198.02609230070976,1215,7.516413217238318,12.01534051468333
20.836151407747735,76.38408880022777,171.52372274085968,941,7.833036789083012,13.421805370874635
22.07707194449123,52.48777945824782,101.6901149804271,945,7.114979895145618,14.831386506512871
24.786734197009118,71.0620804586818,111.04889503533146,1089,7.703165551840689,14.082002006303382
26.70447138228389,75.87615233865677,103.58462947613509,1198,6.472846619167121,14.326783174214084
22.086439907581074,53.15814739285563,162.86363970178724,1241,7.235020366601253,13.900478236588905
26.697920433161094,75.07617409092272,102.45611536203842,1243,7.720529732665909,12.235151476990477
26.729452906069735,68.72607818405551,113.04735581437578,970,6.074194888983712,12.584819059301177
21.099995735571614,79.04229791401464,172.33174134671071,1090,7.169313095179687,12.620889125103306
26.406506067447744,72.42238905595191,104.70522816559732,928,6.205587744203191,13.055927047504511
20.532992460473032,56.872384884702,138.4013629140276,1219,6.566897444391278,12.58125814104434
25.018270616381166,73.04597609368108,122.7368823360917,1028,7.878916163650768,13.65301609163496
25.816611852899676,62.59605186648649,125.10066522950464,888,7.4109864463445705,13.91206677890234
26.367498820571747,74.28102090209956,104.32735158517696,1177,6.931991974603787,12.344456879806833
23.150864126975545,76.68170584954905,107.0094302502644,879,7.41003559207175,14.871326672891648
26.120645178755225,75.04146037790781,127.0817615847817,850,7.760806404186799,14.094965222316624
25.655106116291122,58.56366046719554,149.3152974407148,908,7.848823349275259,12.158841960421874
20.285352828406438,51.27047370386203,132.97349028514046,1039,6.37077613139102,14.857059024136236
23.70468008176721,65.95164269795575,179.95067807881742,1095,6.68376715606662,13.742524788253698
25.442867171090025,73.9356411024799,130.4277996891477,1158,6.687141528211336,13.276035955006813
26.460691076697348,66.73201516847928,159.61062954062322,914,6.384335103509089,13.111829310236784
23.570882791859923,54.59490048519369,157.34725009527548,1124,7.1707651166299415,12.730465891880717
26.46375030507825,65.99567838475181,164.0211329462792,977,6.146082429825583,12.26916436355682
26.23031127925696,75.03861115518724,111.91014096812688,1080,7.25123704165834,13.508728128905247
22.001765639536906,53.700455266882095,176.4097160495051,1173,6.986124633563139,12.716941947198372
27.963301641246794,55.051831608740244,131.14243094900166,968,7.811432334672,14.389195780318044
25.72777006172096,64.21979371459827,128.42098138474094,1157,6.398883517160641,13.66251091661756
23.21112228548875,73.71048676327055,195.28288808835947,1104,7.618175676644952,12.133479837451988
25.29218263627223,52.090405798481406,115.68221432201348,868,7.4411142617773915,14.072471816251353
25.43859079329257,59.89453734592864,132.93093998123172,865,7.359354352072278,12.148450848949913
25.01505604992199,55.15901121026079,196.58307652901735,863,6.287285376450648,14.529983507444852
27.142866064214385,61.75227453188394,120.75451684763489,931,6.638869126849952,14.461909187533541
23.88405064421795,64.92115926481242,160.32617162263605,933,6.7117883882333125,14.736750245453916
22.489922082477943,62.175531786176805,144.13430466279547,1166,6.478654808763306,13.71953501099572
22.098768954794682,69.69608380278228,170.74410488968837,1179,6.66031516442236,12.542938917228772
21.275839931922203,76.9174213672184,130.50011329475342,1113,7.1570492024406684,12.66974056261527
21.150356933723124,77.07775743887922,128.18130294518332,1088,6.091522468968959,12.171052009299418
25.935002224295157,55.638376682722956,123.4631964164823,1183,7.681049079614761,12.092459758203663
24.868876281175012,72.97619162389168,173.07787356859538,1067,6.657486847776192,13.496521213674974
24.88736670837379,73.99603099393943,117.36251473863265,1105,7.380728446836712,12.813632306262454
20.534027999023287,57.28590954472416,132.64750689765523,1177,6.717942217527957,13.103505786279493
21.553775878585498,56.02329868100918,143.54258050837842,857,6.512417496204613,12.445436663109135
27.364930251637713,78.35898646508635,123.5029037304615,1010,6.069299773608687,13.92575298850425
26.709595597091504,59.86399014780842,140.2458526918079,1113,6.639840232779188,14.20651682347689
21.275580112843016,65.67322859816056,173.4031777133422,1145,7.100644789294551,13.531612476890157
25.608413013714287,53.80664588321631,143.52584690557669,1181,7.592497123420962,12.870406273739022
23.826542628138366,66.9998882654663,156.75256905817503,915,6.30434514499782,12.043072025875391
25.59307149043836,53.08657078540457,168.00256008155617,933,6.811707187944344,13.631586188486768
21.123032764193727,55.14854077759609,129.99080009948796,1133,7.72788739718513,12.074944313747574
20.193879762491022,71.61682616109333,136.33925286430647,1033,7.439472578737162,13.337135137112472
23.88558628188153,72.07585476477911,170.16806237049863,883,6.503311574978912,14.367367850070323
20.857363281137808,58.459341208772045,156.8998011537609,1228,7.444668000979727,14.249283996855866
21.541805137791023,66.57935563234551,198.76227243737333,919,7.460095004289638,14.404001747453677
20.26248457390094,71.65374279975073,198.63553452167724,1014,7.543824615596633,13.929730764812897
27.539876850820015,62.51163819791088,161.57261436848552,910,6.037933811982889,13.668223215296601
25.46122462384457,60.92407073004724,109.3565541797786,899,7.108487799089084,13.160154339048834
25.599490809798315,65.07872885765686,134.53141574761412,992,6.651536367623937,13.860016432252937
25.324380414585846,67.40162726005718,166.1056412259059,951,7.380622816810305,14.327807212655118
26.884843592864986,65.53255840086008,154.67563769625352,1030,6.444244405497745,13.76581875485299
25.083329854209566,52.74627339196175,193.2703102722279,1235,7.452301388617176,13.100956176326488
27.467626283573583,54.142581351382915,109.77545900235614,998,7.198814141749555,13.606955899672514
26.714960809175906,77.44549113921535,171.00197689817787,1109,7.075259787330432,14.737057210719533
24.45159456835014,78.19977276568673,181.91672935843587,1086,7.290595275347893,14.604239588290444
23.015857570628768,68.2205374723202,197.39626759824938,929,6.851131057359036,12.766063749970858
21.741755255410652,50.84886324869185,199.48420274305943,901,6.312136877015655,12.992600691279376
27.046538771669347,70.0597610572451,150.9688393220299,1199,7.087875681842969,13.862482883847283
22.592737310980844,70.14630516000001,151.3281311281799,1133,6.27065779688707,13.59149181111352
24.299314013477925,70.58851425294594,119.74443705798335,1073,6.719163751465745,12.33550244058148
20.625623809626823,67.01899950041776,175.97356211744443,926,7.950859752253955,14.262465964386868
21.963865036914825,63.34907243142253,115.48360170096099,1029,7.887634520104988,14.334293740685164
24.74900712513725,65.20958668195536,173.79649818444588,927,7.069963441879935,13.516192707862993
26.441040586374918,73.24364155395207,124.71135354465432,1093,6.036160188700466,13.211449122861724
20.53448110359573,55.98232522283938,174.14792287027103,1092,7.367337810357261,12.86598036702651
21.545182736295594,53.67250865909388,145.98822359046795,1145,7.205113828156442,14.909862655913836
24.578531471745976,59.996187013345676,118.14923799046572,1034,7.5066040206498466,13.816855913009775
23.39413889783399,66.14149010337621,172.20212837304268,1079,7.844695890740493,12.033186385442004
23.644533280519404,68.47273151170046,130.45230403498206,934,7.029818535807432,13.54294747147377
20.08838580383262,57.01721262745323,160.4966025658818,1009,7.8345186977820935,14.361262752417053
23.996096559645196,54.74128420111414,175.530107786548,997,6.852556248082555,14.343250592971966
25.776571378268983,53.030607823018585,137.2704811890072,951,7.8592607678574495,12.122344320580488
21.481686405180145,65.50564297550646,130.21540249577527,1101,7.826889355146867,12.686187520435256
27.92514528878812,59.17425471987961,139.9176724814487,1097,6.04631890063791,13.916736019264905
20.830130482061737,70.14382022154516,197.9417487122994,1215,6.178791260280843,12.746452762152504
20.848944496456724,57.53700059729963,121.83620158836625,1103,7.41150358965227,13.064413743346698
27.724074824583838,75.60267124199878,115.32720723686215,1047,6.91323760692204,14.063047483204338
23.22917590600393,76.16312418439801,100.00345138330499,1184,6.3597177101029905,13.633341645782261
23.015922944694623,52.49792316946716,174.3068116189752,1072,7.2334799136228956,13.373191451442525
23.422009274244125,76.83939923165997,159.43853777351217,1031,6.668145474120646,14.272131886485706
27.97923934872444,55.1524033587954,153.20892312851345,933,6.003470812080014,14.697638110574514
20.14591484531718,69.72848530067081,182.4566262095493,954,6.448995855255737,14.973327179405786
27.17869199991526,59.01706974313508,199.28439136132536,870,6.384242930449633,13.864208733427757
27.287651612406872,73.62760822966712,185.98610123680737,1005,6.802051364025164,13.1500401551872
25.858869318303746,52.92213068684627,137.07740893995302,922,6.688611737240374,13.718009089836652
26.527462490037667,76.4837088408775,100.91422121119405,875,7.668279534202261,13.323954160416552
27.74707919740201,54.770064422430835,114.99073624598022,925,7.039244419489381,14.130406517275643
20.08141127476302,69.29324078012598,150.92108576446407,1162,7.237441912605523,13.484506545244427
25.747034391984233,64.46718392666449,102.36527640924379,1182,6.805348023472041,14.953711736448028
21.01430519823205,53.700140102849666,181.2331504601018,936,6.901095391522646,13.104411997807203
24.006210026093317,77.52460068566212,125.51194715461057,1124,7.328376441951932,12.630564011801685
21.155042395791384,57.75674986865173,176.73975863002397,868,6.108573940170185,13.033142276400628
26.930205768689152,63.56291019348504,148.0516106966558,890,7.587054810181945,13.453326987500295
26.97612621632753,63.149332631675286,136.70321512414893,1232,6.260506571830458,13.933920478985689
23.521377963071586,63.93064134437794,194.89570694615304,1214,7.837624715622023,14.909139272766197
25.15039441170731,73.88075970460315,194.92195189003235,1137,7.514580226902006,12.942401335764359
23.033054745974432,56.45033285299259,113.06174112103766,1182,7.901250891992028,13.680390893231502
25.542618470517596,79.77258340061827,155.08759167442412,897,6.252655876633881,13.150618281697096
20.726080168401182,60.99771046430384,104.01778492077571,1100,6.298180848296044,12.763599776138708
21.017137774690365,59.36881040368419,194.00443938183338,1082,7.478353504082946,13.696916355803118
24.052677644987018,52.010581065015465,144.31353396709162,1210,7.8595069665369195,12.939508674974999
24.34264446077709,65.25741777060726,174.23282691227797,1111,7.877108848590396,13.323197992296823
21.18537856935712,56.34757863499736,156.93859512411422,1205,7.920811091568646,13.848992977048892
23.39959264673005,63.72145283525501,199.2794113071373,1230,7.362852838661924,13.962056003809105
25.859157325323473,60.168237153421956,134.46172672208863,977,6.924671161393283,12.973505181605635
21.658474065403126,50.63005699880238,155.9998237309663,948,6.715467258406704,12.832212356943092
20.572042011715524,77.87299043226119,177.89553019433015,1121,6.582302187640489,14.779307013420539
21.651926204815,74.79792365044725,108.1445135269858,986,6.270923175946091,14.572503122289033
20.098553295347884,54.37404734599977,175.11273170942,1234,7.167375554694944,14.48549183683493
22.78628521090934,53.71857341743457,101.96282634678269,1115,7.057090800115807,14.910718540448835
24.367788792460587,73.7511805967835,104.94011119082214,1181,7.270154626598404,14.748138796882214
24.208294173903294,60.281180500455775,178.9710324281284,1220,6.75295026628461,12.554132027066915
23.63883942485042,58.63575014469929,126.14787691964055,1103,7.046332617393748,13.99515414719719
23.3627874923424,56.16903621051438,118.68193830052269,866,7.849140928834289,12.751986450461898
24.006341983223976,64.69226493497045,115.82261520104491,1031,7.1144351944865605,13.006481851446818
26.880667990985458,76.89331737019818,178.42011640296704,1217,7.703844014451133,12.184018556365148
23.063290943569402,77.91760883123976,195.73585442437917,1187,7.488088799228834,13.382936610962801
22.24288202938524,58.637086769308326,111.79022498659675,876,7.870525964091947,14.445843888670776
24.876651542438506,63.47772267359554,185.99273874462085,1250,7.706805417260959,12.107676898510864
27.971463975927747,59.62658733915644,116.73072366779135,913,6.298224579837083,12.735440655530562
23.631671531222565,62.64476917181361,147.3075137640131,1064,6.396050069615075,13.320599996570099
21.54457241985019,53.33653887465986,118.84786952711903,1002,7.19748422110085,12.497947859854738
25.410604290256664,77.55754457711456,117.41731031111478,868,6.767646025549608,13.726140172698987
22.54711689269264,76.54180490196953,164.81312942208874,1086,6.838933563816635,12.561602926014023
21.302764570579527,79.8977075997738,158.31667225817117,1078,7.101296256697594,14.407377586389348
25.510378419246248,68.91955890666813,160.56319832628083,1136,7.769624289353342,12.115791822103025
26.56901547845639,67.72181687412295,147.28899645177987,911,7.403376191746143,13.55370490227387
22.481837577875815,70.03664980763253,199.65997063117965,940,6.6864370492075444,13.601969673658498
25.079003794886326,60.09663434423004,148.99820938574246,1103,6.108342685881112,13.72658022744656
27.353636193057152,57.33362920953868,100.14243727306166,1224,7.376515133384131,12.053025728911178
24.857926367259058,72.5671138981359,154.52115096750745,1191,6.637145832302995,12.011283458332334
20.29717280267709,69.4523435237734,114.52417902202404,1093,6.129071075117743,12.159112013091482
24.955859071948986,61.75525056894653,195.38648145845576,1157,6.261768959216346,12.546046609357745
25.48192073485621,78.78940057163688,181.79988715037805,1119,7.827070876531541,12.569893457303168
22.037790106239466,61.35856882547301,158.79978984218565,1059,7.648211790531709,12.993152424354356
23.63613723146283,56.30606111700432,154.77688892231316,988,6.247959290338608,13.458337393799209
27.3701698170577,54.60296252505251,132.0171938239931,1033,7.2472165258482395,13.7894764940669
25.166889381666756,71.4078432833703,190.32373674705804,939,7.085559279216829,12.532520003839991
24.00296832391136,76.08198816850927,106.83872424956222,1152,6.552775206446538,12.281571160670095
24.66797294127133,79.08065392371715,195.54025299830943,963,6.049956526162992,13.787118687878635
27.163573520876813,61.80689958835534,152.05686659253627,1156,6.186232525908854,13.181518315011608
23.482885634544687,53.713352195563154,178.92160307242693,912,7.236134935833057,13.589773242282249
20.77893211257936,50.54532344383289,167.05196161051282,1231,6.941956976747784,14.790210503398665
21.845647926733463,79.83556393301185,199.5875847138777,999,6.665449537378372,12.470633975753168
25.351903667488184,71.82264023413799,151.92761873842244,1144,7.863680222658074,14.416840414273498
21.06760461695004,59.319994811051885,198.8056415761488,850,7.656214338751119,14.368597889431406
24.30813324394121,63.08285454229709,116.21066528706046,1170,6.986543998970424,12.54927770499147
24.962829386139923,51.35756225427041,125.6238260751997,1006,6.191936765240163,14.608100715419008
26.95570023944097,53.69832922894494,156.14605114603972,961,7.072643349967898,13.727376562153498
25.3160582397773,57.09218366945599,138.07385505296293,1059,6.177494103032763,13.581137517573156
20.582680973894732,72.87471987634197,165.49214381874566,928,6.40345168151113,12.311143336361027
23.81724807177092,53.57575684376192,152.46695328884928,966,7.141104391660009,14.300293021555
26.868344825598253,57.417002979876436,155.61048345177548,1161,6.726019874170034,12.369995233763328
25.93121270049348,50.64095627459318,106.88848077757119,1073,6.327387828832984,12.419042565070635
25.165394077991436,51.93574848387189,159.45582098625897,1031,6.143186273349401,14.888746893868138
26.796618345093428,70.05636717622346,192.0648327152525,1084,6.682777820520828,13.150797432810435
26.327952395068383,67.57535350804208,130.2763999306342,978,7.117868576788897,14.907687658320125
25.652235817230746,57.003847713542456,128.6061466578833,1207,7.876985450675186,13.885858332941659
27.47690165430705,50.15606208206017,182.8329681986072,852,6.002793588350449,14.66728575830675
24.193848610387597,79.3133709764638,189.54130366563328,1237,6.214623266810493,12.46087142089246
26.622172969958882,75.14428165629278,111.05148197991006,899,7.03508833219905,13.802793967370642
23.68278592477659,67.08610479162665,156.80213588360525,993,7.8259359208051205,13.52625811487154
27.351729121948157,70.93276528242008,175.5067368614964,940,7.916855576824183,13.800946968206128
22.169360887851404,69.48507972658389,180.3084618951529,1083,6.107263530418279,14.933876937952885
22.616936053656637,71.11939135792517,167.59484280537367,1198,6.666979395664132,12.292620770430826
27.49419571310453,59.51074928229044,177.03121851124422,934,7.512764763021208,12.628380506614944
25.93585192807754,73.16160795103163,102.34214633431328,978,7.750952313072331,14.930850149068805
24.61939094060485,75.41317006180407,167.66392816215676,1171,7.934708619763133,12.398803096257206
22.114348272382284,75.63359058040247,135.38062444431148,1119,7.545448572715234,14.409087115177039
25.46413295378231,71.16430758549453,124.45122623039711,1249,7.542094679294755,12.126155373850482
23.855089429430215,60.15030821592577,173.52174852514847,1238,7.339354238228386,14.9623846332348
20.838738172283303,67.35450873301248,197.45858649177035,979,7.5621591347551265,13.534262802996665
26.282809175134517,54.117176825097964,149.6102809696678,1073,6.724657659007329,12.70195699983076
27.429651680008668,72.11461046276037,156.08894672184184,958,7.860824665963663,14.416859828727931
22.61810957777331,68.04330486960862,170.92311903470295,854,7.943861124970663,13.050853430338705
22.874439553715575,78.45894999980473,157.88778477200836,1124,6.0048882398614385,13.919833935119119
26.90709123120423,55.070424916306486,140.17123526115182,1139,7.120959584780768,12.87395943227263
24.762381883037985,52.302080073430936,120.36062924467728,857,7.760784134369526,12.234023313513774
24.1756858612417,55.44024966121883,136.7299029832865,873,6.2408057293274855,14.424005497693605
27.452620762405637,62.05128906359574,191.13396509704032,934,7.155909569914509,13.81096761765081
24.816683131767995,74.68560737826223,105.90270924121855,1220,7.700272792502098,12.296459470121338
20.870452950855245,71.84643339128944,103.21019311352596,1142,7.972491054914694,12.7870300740614
23.677327304864704,70.11972348380345,191.41930511463255,855,6.7633592658453265,13.933298768988966
27.00725375122281,52.97821054802638,166.5839370542963,923,7.758426585433234,12.155848719679629
26.55500683937127,58.51938877800714,121.02329300614066,1056,6.12000893500784,12.441424724216137
20.780172217335966,66.29596541004518,146.8293419784912,1140,7.091247056762146,14.653965409397337
25.446746239461476,51.670025910306265,135.44350641137828,1068,7.868454307098149,12.057928695761788
27.811478907439223,74.15136250134147,190.91402934074065,1101,7.774891047418958,14.404844673954182
22.343487994462937,72.56468610743048,130.92771189050222,1103,7.820396576177364,12.807698292319058
22.422905971477057,62.15014300586652,114.57802530608161,931,7.774776131759116,12.781671939795174
22.751665851736156,58.82248701405008,110.22384508410508,917,7.22107594833334,13.095353212731201
25.902002009692445,71.85707105311462,155.1259567409929,1227,7.321616604585019,13.055250138742075
22.84215191606399,51.83487100624004,138.38894546950002,1109,7.295230945643366,12.715127824220307
22.804380214192392,65.82100391644332,128.6677150946595,1153,6.849140062330026,12.031129043928193
26.48847343427257,72.29928380458273,166.6697554278967,857,7.25590928008234,12.155665753785396
20.81758728492852,74.16244549482197,194.6505752998506,920,7.095941950403382,12.377336011391908
27.467271550669963,73.57051871693864,167.17893903736484,1190,6.541289438821106,12.33437217838674
26.67369825452092,66.69961192428227,101.73782732040111,1133,6.0639780716351925,12.493442805382944
25.822077540804926,51.67309682814113,196.74269881743894,1057,7.0340880112678335,12.103073723692166
24.600256533811155,66.76744034387804,187.68797036303317,1224,7.9303269581791955,12.339744633567912
27.476778118804553,61.32384436478305,190.0988657496237,857,7.115070375532576,12.575496516686652
22.422490847254004,78.73184944404663,176.45676228432666,1236,6.726634689792224,13.506814721823972
22.536134111315246,58.18018685737181,181.80593109243014,1029,6.597980309328173,14.415502007458352
27.684828611156387,65.34513869984508,161.52867583794267,985,7.861002170978116,13.2940364515681
26.531464788383836,50.279297576781545,100.62617600214786,1218,7.063867433182974,13.802120800613853
20.57578591746007,69.94849604452261,111.80395167608195,1055,6.80144370243319,14.332457039465455
22.619229650535615,72.18319269403307,139.00963264227516,1064,6.91212217202394,12.595242157449887
20.960124188593333,72.20935926311935,106.07274783316652,1198,7.47585329486141,13.901627940581653
21.944826433375837,65.6123902234238,191.15623184620637,1148,6.187518718945134,14.279054289051567
22.158809945709425,73.73395567968569,123.22121287018223,1006,7.093866764779587,12.40511696674348
23.540468135224785,68.88402243525022,147.16170251572632,1052,6.2863888535000365,13.847238096348871
20.880949964446362,65.8797545270164,103.91547303102938,1109,7.328516220872752,12.373666489989649
21.412593495481985,59.56470983345412,193.24744953338632,1246,6.928894342317866,14.051658329016831
22.078702066996332,74.19350397898515,134.0863711557354,1097,7.2308147580380036,14.580741572179207
22.33706450907964,50.76550942501148,137.10891496598924,950,6.665800993212095,13.022870077538016
26.052415440593446,56.066981930110025,198.59501592264553,1204,6.596781443458262,12.576841937898466
25.530633676428472,69.9855382177528,154.0620087922552,1028,7.6090355709854816,14.406323412797416
27.91187977644631,64.6536321342482,165.4890983781888,1083,6.06806128331205,12.784061836674665
27.724688368745014,50.488396835504986,189.66111408112408,862,7.993964059396306,13.997485608825908
23.08984823862232,50.42931013264905,161.88063690329136,1044,6.077738905681873,13.741431847146345
24.237878068259494,52.723885685038724,141.20844184984924,1050,6.839215299019346,13.302790530760895
24.81295798147588,75.2458017573291,166.76190168282616,978,6.3608100976932,14.937393974138205
26.065779055320462,56.52086433880355,155.99118994684312,1120,7.801227580555329,14.023077074831498
27.207650866016905,67.36635033439691,173.2360848491954,1128,6.971338073237282,12.183055319328213
26.47100817113583,57.24092825165353,161.0873951828779,934,6.053544366064316,14.357248889600026
22.113966684517496,78.54079929868377,141.5996171265826,1105,7.57157785689173,13.236346912901121
22.381022660484227,79.45939573426857,168.2025360181647,916,6.136168415116249,12.907573289119375
27.908476966490674,54.4303724260977,135.9974419210596,962,7.178198188605374,13.492715586634997
21.4207471628461,79.96821321855172,151.6262470754315,949,6.487055753640189,13.997247868628682
21.215415824400818,68.73244315757233,160.52932219567873,1082,6.640418002252728,14.320304231837383
27.176209000864574,58.49861780190154,111.50950177064018,857,6.328628414279381,13.053418122960984
20.056228420576176,55.56367642034954,163.8106166270353,1106,7.3764226904010615,13.643298015204627
24.25205346088584,66.90939840693568,120.99343833788106,1204,6.147912412383477,14.420208791681034
23.593278401449744,68.99199825341918,156.75739624130927,1168,7.742016367197057,12.9443446220921
21.620586006363553,78.2638622073407,102.62741249665405,1138,7.7982114453103755,12.416473316936194
24.357158206651718,78.58061318376396,106.89258459092488,987,6.03998505681601,14.602582133777599
27.938805264787433,76.05976790352693,151.73198126111623,966,7.3423911825248815,14.477605205276742
27.732765420565464,69.314336072125,124.3763476725724,1087,7.60219096017177,12.571045779157213
26.294301855078103,53.19638231947136,106.65649417380162,1198,6.330942819075763,13.2564036751745
21.994311412262,70.08751061522129,180.8972839314368,927,6.974841621901199,14.995154043121673
26.260558177857696,64.75997557074493,111.72536422037396,1090,6.93624383569648,12.419333801329755
22.153472440013232,64.98289531011632,178.62779756443064,1211,6.608627453426143,13.899065695129933
21.92588862377759,52.066559790520515,126.51757158750526,1030,6.2269153517609395,13.147337506887714
25.653763690665475,69.11558420271967,148.5625896288147,1244,7.183858078882459,14.086853945554493
22.423460804821687,63.45809130944792,110.0511608203482,1037,6.76729061591769,12.817035169704022
26.449207730629787,72.06595968541251,107.46612674113054,1038,6.50759446515719,14.311043371725315
20.729072113653523,64.7691713575866,156.44716981422368,955,7.749228124752642,14.574186126162626
22.222059016123495,57.47199032309863,104.79403829768103,1062,7.092817921622219,12.206616444059021
24.079345094925646,79.72055921567834,148.9839777719999,1045,7.357626956851024,14.319693377554508
25.109346003649737,74.41198856701439,161.40654952103966,1005,7.140329378235107,14.928192246167276
22.37952511615877,71.99698303085471,131.97121799312296,1171,6.433652651313979,13.801822320684062
24.16300348007473,72.07342853522114,108.8496468568683,890,6.5396127649286955,12.062944645489843
23.508766036587332,62.893210019853356,173.9075308609058,1101,7.726659743257189,12.282650695955798
21.81241405389723,78.73625326098472,148.06667688302096,1202,7.359339051929176,14.455325893200028
23.337062398587097,72.85597178664354,179.5463957570766,1062,6.616666589233497,12.441601805679733
24.712101290657955,62.11307922355811,169.78558208798907,1066,6.7314447051648765,14.192198259657028
27.41281903649314,64.24680034815773,144.8286510552285,1213,7.002241864666047,12.18832331976911
21.43221572684074,71.36728819640538,120.70356011739455,1147,7.5076305677412,14.965902388526976
20.710133453486254,54.92292883923203,128.25022921662787,1095,6.437058304584465,12.474408947580374
27.309851885910838,79.02057238292211,102.75838364698025,1110,7.9817412129928735,12.831277470334062
22.93133231524475,56.948286073451385,159.70347914804165,1131,7.125621590068959,13.463273476309702
27.918432542842474,50.62602136482852,159.1087107212059,986,7.166838266777901,14.31203524549336
23.24542062601466,68.64325997349474,132.40805809421317,1147,7.623863616963686,13.764680647462368
21.895097366541957,67.33073628906335,110.1010980932398,1211,6.162930412675167,12.992416863580996
26.546386168604766,68.64714755218705,176.9391802230864,1071,7.6137531960693225,13.295401838359153
21.150121675427865,54.35675746171083,103.41847007325686,1199,6.768891628248755,14.060000273499135
23.959377050457213,68.49277143308615,101.08258016368922,1126,6.742234397482619,13.663750059065316
26.340063129468664,77.04210658740834,117.01129514655356,1191,7.817046642385865,13.396609149275493
21.816867616439644,54.595554659711816,183.3223381714395,1126,7.04408887933448,14.182464138051218
26.557316977632674,79.07167754754941,180.4824663934226,976,6.06510429710881,12.008509547242236
21.234179340421875,59.45370642430777,190.6507537346437,1095,6.52607949102995,12.027300713276606
21.130454403931378,73.8469896282338,166.07231183598287,1172,6.1290309903957985,13.085453680427923
23.66045638134958,60.854223286391274,143.9924549955393,1149,6.42911923095957,12.367160684454042
26.48810629252846,60.654813940049706,177.63643853418762,1188,7.36772380326117,14.794632764860612
22.92821097778605,54.82182297695591,142.4925447263255,1204,7.229625293275127,14.97337195981272
20.22232606033296,74.48172347398065,131.3145383188947,1110,7.918654995103797,14.335057468788436
22.996761364530506,66.55793083303689,177.3772758578119,1144,7.120345988630983,14.708354323197735
25.766113158183046,59.51656940936178,148.0685268851144,1195,7.504065134074592,12.057489775214
23.737018636247477,60.83785780327732,123.20718462855177,1205,7.441478555506293,14.545877090025131
26.977555430648643,67.3989933581301,185.83714305444045,914,7.775689860240408,12.38342563841555
21.646905471841876,76.21540674056126,197.56697413623405,851,7.540198059894138,14.638104612517884
22.151799455807943,53.85200890305725,134.03998737385632,971,6.311535416489454,13.256608468078161
20.136943083110715,53.83555981791556,198.22305545737817,1164,6.283972382893592,12.846725938748309
22.732183205662608,76.27460634879586,128.06043187381624,918,7.30773440004864,14.42971583446127
26.511752693719806,54.74557391060364,153.2531046430836,1025,6.3853511997964265,12.763158826686421
25.6980842143306,63.98522912739217,134.11718567668967,1156,7.737266568673218,12.044550985625277
25.898618264970093,53.051460389730686,116.66909459904095,1221,6.3437887820709005,14.582914759980536
26.845777101709636,57.03983686165727,106.45970754301007,1096,7.2207020730487095,13.374191699149375
23.15131937412622,67.83481930606231,115.13880348611787,1116,7.655795522569119,12.369641280937302
25.653211946925154,56.007194475595085,158.67745446685151,1003,7.2294629550087155,13.01618634978814
20.723177135749744,72.3878950294856,130.42728354416624,1075,7.582026682455567,13.934816423866994
27.319091878108658,61.48489121904514,115.37253851435926,891,6.574503507161981,14.102833202298928
21.981339090357153,56.698075513316425,134.1739936158764,1229,6.807213359800071,14.333806260057335
20.813749496646373,68.15327323014249,179.2015423553159,965,7.62280451315261,12.934988726185157
27.513565059244947,72.00194094700169,144.8823606009703,908,7.719508420718877,13.036138290029788
23.423745198006458,68.08023246800292,164.6742022809727,1024,6.5204758662456115,13.585566657589997
26.103870024133407,69.51254622274158,191.4833300853902,1096,7.547423432284797,13.812447457672212
23.182345818671447,76.10736950886042,139.06400784300973,908,6.475877477921261,14.726925029563327
24.936056214827158,71.35958224206738,180.6721865365017,1148,7.937099848405902,14.736899966804422
21.109029083615006,62.70593832382151,125.2115811573139,1051,6.866777321892649,13.712481965801063
20.18483265351312,70.28768224902412,190.51263840115655,1114,7.73725926758938,14.211806116859123
27.212403425468736,78.47764181306931,176.81176478544765,1119,6.8343280376990085,12.590738905815789
23.734938027736405,73.02494008140374,156.37964455521106,1144,6.329645175907643,12.033744261421692
23.200416736322328,75.71101744712882,100.51150860936953,1068,7.605820283949563,12.904097783488863
26.310103380393144,79.99058838013872,138.67300224053446,1212,6.312857621748724,14.694734002759885
25.868495967557976,68.25072576342563,193.92411089578758,1191,6.728592964565151,14.067761267443391
24.91525549045975,68.91899262772662,100.0768024269611,1209,6.637660743661572,13.048569525389356
21.0260137825988,59.86675492134568,124.01127644093052,1226,7.78712560374362,13.402255231606503
20.606708454754283,70.02175720885066,112.30142091680702,1183,7.161425232226546,14.165236779298173
25.408425832809925,67.74267097573768,152.24009099540066,928,6.347922789724595,14.91816902163607
23.871782092923507,79.3658936661383,174.3512627386644,1215,6.517854209814263,13.4208838647268
26.95695515403884,70.63729310899728,163.1522993633653,898,7.408044519816425,14.047568917790962
27.78858666554103,51.8100061443045,145.14738836590047,1097,6.319830352007737,12.493174062261817
22.10986727341463,66.87785030482355,102.09423860619226,975,6.687332801218895,13.34606507469206
21.129523073155667,63.1284172665448,183.36971720953613,1032,7.973879399399216,12.349614830964377
23.26549531748862,61.09388799524937,190.63798980090425,916,6.683666188217081,13.361811587022503
27.767092389474886,69.11333293419526,187.29720116389302,1128,7.221563570946145,13.047172230528655
27.26261393433984,69.36428711558585,109.57396276102108,931,6.9229468997355745,13.9306254512855
22.89832777124039,53.458289515671225,160.465772531703,875,6.220739321086161,13.426867162903841
25.142440487416504,67.38448275672476,173.26136869108274,1054,6.70021092129919,12.212378189288591
21.897183066950646,68.5940287407187,106.0931523778694,940,6.211323253427141,14.063470519163033
23.08391193567186,59.6606879084365,197.3873600446385,929,6.292272852779774,12.20052646407659
23.919535978876514,52.959921470671105,186.71995617042552,1055,7.418129588543296,12.156371762229293
27.609575838429073,74.58076264404147,169.58614314025505,1032,7.538760392212344,12.145549494208458
23.2109746225845,55.453745107884664,126.0075102963347,1000,7.996559396984224,13.603339248053555
24.099419960443694,67.40776482980606,166.86030398395184,1189,7.149776069131349,14.902076521900263
25.89850394341807,56.304871065373575,134.06842304794074,1159,7.157605942633661,14.956931230411751
23.27507082816725,74.43096993659654,134.4786436527966,956,6.054794454533917,12.905556211007264
22.951322155210086,54.47659269824513,116.05686712059988,1080,7.191699452820381,14.833452289091639
22.730045312954108,55.78882632974085,142.87447104079618,1020,7.451165237982417,13.89943807547863
22.032038893754937,53.76270502747662,167.18243892053493,1235,6.385262412628575,13.966595587630096
26.285382530350574,69.52307105071932,179.85773650096567,869,7.812718718191627,13.401505588724337
26.29534376864664,63.3458572068487,109.2357613591445,1020,6.360567099406016,13.960488562695833
21.460117027791547,79.73238650118574,141.0745674861447,1001,7.486934857610328,14.537865428495186
22.865766224901492,61.955941700568246,109.76812881129983,911,7.390217713472329,13.205175683745255
27.79263500623921,74.85771445407414,121.97362904975088,1028,7.457137661258761,12.405614094436785
21.168971214159694,72.55191709783358,157.21101312688785,1143,7.238897125122359,14.792414388788663
25.120215938326997,63.68216159968446,192.36605322793832,1233,7.446965658204492,12.58581137793473
20.674607342035223,68.03060942322135,153.18441373248038,854,7.294616954866687,12.82285238385005
23.486698826724723,57.23742780052299,153.78390753883153,1140,6.434615372862181,13.947959797382612
24.884679926635542,68.84994569324002,154.51893277430412,952,7.698673047864344,12.12617978095818
27.315504990498326,68.57565280490667,139.04642087665263,1041,6.4765720631949,14.383700883996259
21.396154317142496,70.39139175549786,184.700442994907,935,7.744422501356172,13.543317699759458
20.267010298976786,59.163784113232964,185.843346825865,1012,7.773765109797784,13.733369968679057
21.35624180138032,71.86531283983302,181.27174334625025,981,7.86471175142611,13.713837026386141
21.3433846625581,73.3986448600293,143.85366197002546,1078,7.541382896282237,12.163437810074702
26.19910272919909,52.48664641679288,177.75708898076465,1098,6.984990827187464,12.352759913302254
26.67001109972475,52.230829764537965,103.28647042001424,851,6.609727978664572,13.673228896275786
23.491354096393852,77.43903985603902,108.64785461318449,907,7.25313958552231,13.298917240489054
26.749370371346934,77.45717038052798,187.7120920077424,1093,7.9411768351410075,12.892783786165422
26.365435058761456,58.80831228935988,196.7676374916791,1073,7.685680380434134,13.464593109634864
25.923562527429958,76.36709156825593,129.10845918224464,1004,7.099771315648512,12.976154062222477
23.283187321848246,60.673700339326174,192.24924200631358,917,6.8837062163753835,14.957072550862158
23.389349300870464,72.02228247853435,127.06382101677005,876,6.785539381452649,12.621260898401808
26.575931789870342,69.86981495282028,149.26208087117342,1152,6.034081417978324,14.878245122315839
22.877491599590414,69.42108587253085,133.7004791152985,1020,7.248652503815414,13.02686750515728
25.461712625432764,70.38714172276505,174.5939241506667,989,7.132183805470353,13.10951084089684
22.77927892605857,57.924935669648775,176.70104047631946,1225,6.132379693546103,14.921529809142754
20.34313299114545,53.515785728544934,116.9086074528694,987,7.8139349916960485,14.896628540396856
22.812291956254498,56.75464571873015,121.28456850088992,906,7.231093236882597,14.58481430285666
22.575142606458066,79.35259009717822,163.01915970866554,881,6.9346430644824055,14.381029438339484
20.917027620032865,69.22005088585092,147.49198131546882,906,7.707677507357924,12.836532663734806
20.187214439708185,61.50381674453815,191.1247993425,1125,6.8601945807124975,13.749432948600246
20.829027318361206,61.91850436133825,154.94059337056942,1244,6.9784964349474965,13.167420623949436
27.38637819434556,55.31380141888747,177.86733150993416,957,6.842424570926761,13.948799229301473
23.335845203727843,56.99146720564251,142.84031076506778,1196,6.1201296765705555,12.057911958873154
24.682861136112862,56.21296172575275,131.25494284335852,1151,6.735419939700238,12.655286428159599
23.76904827908287,58.50806361131011,142.73910979728427,1149,6.339691434111129,13.746915585790068
27.99768122770932,77.19151703277083,127.71112968785366,1141,6.324199277482832,12.037748948551469
26.00723361918397,54.12471163874854,170.93279689322185,1164,7.174142074695395,13.981204522959892
24.599732432849933,74.07312108700656,195.73480943262211,1140,6.865775045533871,14.275407075141645
24.65493620173588,73.67351933096585,185.0744617569162,1117,7.761359089341251,14.73625916690993
23.56807510834845,65.01609869789878,132.87550079018115,982,7.407841616598007,14.476466963157595
27.53949856875441,57.495840666351654,167.37040082677288,853,6.975442331886252,14.9678226412178
25.408247542947812,57.310871387289055,113.4057216150608,948,7.08304271652108,12.04306364718987
27.930332871020134,56.42656754775973,172.06127978542474,895,7.579493446611313,14.039189930777662
20.361987785535316,74.64333972600605,199.63116156768416,943,7.037310678148174,14.643047355734716
23.595115683122376,71.22813067799393,173.7719129433113,1006,6.419371517702377,12.999134646788836
22.296588814199403,56.673909369321144,130.67081724487144,921,6.269153451700872,13.022052355272935
22.396029250120257,50.68879925430437,132.56757145861485,1109,6.413379271180597,12.006191689421401
24.32913823890069,62.362501953205346,157.7897419055966,1073,6.804599648649712,14.732614864970753
25.53757477581896,76.6355191174028,125.50018052212947,973,7.631240406820433,14.493130711254182
25.00727402420686,69.38808585617446,121.52689888220132,1144,6.441954470398958,12.984858699694074
26.10752661376992,52.29226283121838,140.8593757360449,1185,6.184064741246162,14.333408155708291
21.308061078496717,73.28515341708557,173.982635850478,917,6.647706971239832,13.92811359753262
21.4508828479367,62.797117148836186,112.6046329000304,1189,7.390845132101953,13.845037493199067
23.41155191519107,79.30216699730039,119.9638131652164,1056,7.930003948822337,12.777914812979157
21.211545402585774,50.96199308535415,131.58838220037958,933,7.630027978917098,12.019121749509702
21.56391871849439,79.54950202733349,184.69054123874116,1191,7.59795759581168,12.498518229435483
24.689642201302917,64.22475236652143,132.68938324237516,972,6.331158969144432,12.07459633746755
27.349563362790455,52.726358137597344,108.0286017500901,1205,6.020230731668895,14.329588088090587
26.84017416872738,62.756360025134995,185.8833033771092,1146,6.052480212418604,12.12138335530501
25.939074160319937,52.13305989625877,186.18076645014125,1201,6.474979280321423,12.673926126279357
27.22133110042717,56.53267368727845,111.10482656044105,1095,6.846268508036072,13.711102851047684
25.911467742422396,64.9209095722642,177.6441902406008,1162,6.779016597669038,12.56224792490116
20.02140762987605,61.768054131050086,173.03563634597515,1126,7.035149617856783,13.871894144215043
20.116903459191803,75.35451286350698,164.3651435719532,1201,6.765953491198795,13.33657454096897
22.786233917024468,65.08632407333609,130.3279559666353,1220,6.8564060273996255,13.821808032060304
23.55748135385435,53.40130416202038,168.56210790643962,870,7.411431321227827,12.02530976870413
27.801521169132805,73.08259878066085,158.39722857679578,1018,6.259610797400146,12.36436521738925
21.28213698813525,69.13013935185526,199.93290891134245,1059,7.4380352291184995,12.88117963576774
23.63957501974568,52.96213210702649,116.49854336858232,947,7.603514792889562,13.304153691683501
20.40951224244116,61.966869240956854,109.7882270934016,899,7.501522181360737,12.51987806068068
27.210985371768118,68.37764551825937,108.57285731543261,859,6.149725244668411,13.195322869746583
27.387797603649982,53.93014604479835,139.50266612608021,1143,7.870543795361838,12.198322219282746
22.723175832667152,68.35213969431578,122.34256598929709,1107,6.541811447836563,14.342295824208016
21.62166651323421,52.24755212962874,166.999450394417,1149,7.300458316865911,14.805823742467828
21.596844236073007,75.01523064146795,164.63854809731862,1157,6.0304087585981625,14.95465250119698
25.798359369501835,66.70675693197107,103.83799086307864,1013,6.211733381294389,14.066918152019387
21.122781177991172,68.2494426763314,121.86936541075592,959,7.449489703402509,12.616989954749483
23.306620744992145,70.94926376250886,108.87043190574914,1044,6.1762491870673735,14.32810406986721
26.23716648182628,66.37663731577933,129.2559297851372,1208,7.626736293293834,13.553085922878289
22.809438753645836,79.48116529443308,154.2865027549973,962,7.137141847307826,12.158700237964396
27.27212528018629,68.20861066375748,144.49537806109834,1242,6.2359083776361715,12.72181476641232
23.222800977173,52.28463066799695,176.85168744625537,876,7.863659104398666,12.012302608044461
26.57873860072288,67.46418270332805,104.5280618739618,879,6.295855723835244,14.623784825234974
24.418550362120694,68.17788180640264,109.87008095633922,1230,6.941231988971927,13.019867979354066
21.95205514354987,67.95202890026385,156.12964640202188,1072,7.5273386521706485,12.014941080306844
21.055325451416568,79.38249626394864,148.21362617469222,1096,7.812272011197749,14.876763536309426
22.685333682176253,64.02918204833324,126.92064804904362,1234,6.190924217000855,14.731120406137657
21.558096649904023,65.96754410087894,105.74006111031463,916,6.99267986212699,12.670561549295705
26.170672596432112,51.524780222732474,138.9891748001317,890,7.603466569919083,12.64410274396117
22.54506109187737,67.55901248922315,160.30603615345572,912,6.983117944493773,13.49234975688226
25.032876678137324,56.79699288413954,191.11230092736355,914,6.469137488879251,13.339041571712997
25.14727684793128,68.70427728423456,157.92673314418218,1015,6.676755740408125,12.809283501196507
20.63623355311173,69.98851770672329,170.4514494858771,934,7.2008959882064385,14.746002974445927
25.901964175949608,69.41175758975237,127.96537263426433,1135,7.566869469005118,12.86920035302423
27.388001792966335,78.87059856816848,167.71850340828473,982,7.062028037595085,12.64363928130039
20.10197619051928,73.6418427534737,113.65711664867472,962,7.625265106156643,12.985336902339867
20.853023723827246,73.04097927334466,107.8312474945308,890,6.87809722542397,13.257657504685984
22.70455434718946,76.19490949062572,120.83850434685013,982,6.187560936699851,13.013777619855498
21.0796974052648,61.50314879295176,119.49841584463525,865,7.824566555339887,13.13146653851587
20.152368692888185,60.18055300771363,135.22618431339862,1129,7.595959044408701,14.660383711364204
25.89093615171751,71.85654882461272,155.02917926153677,918,7.007795564277105,14.098422141519539
23.81217758725522,61.37901849705261,153.61766005367897,1224,7.109800946778112,14.467410696078263
26.997047806776155,54.37637091909975,170.79913598284858,1164,6.094432915055703,14.646350510696166
23.993169434833163,73.56430127181592,163.1933461760902,973,7.567606789829484,12.903815301759952
26.812144036575226,71.76199668447394,168.92394223335566,1015,6.295330532866612,14.449635845967938
21.32349110817983,68.78414707842758,185.89528782004896,1149,6.61668471140584,12.918192574964392
20.338169556466674,69.93982771583225,130.24530640455572,1140,6.8246038326491965,14.000805102917502
20.591590412861166,66.68547864357254,159.58816300122288,932,7.790586975900187,14.626762236463017
24.4685837760676,54.953261591161784,125.58032421637392,981,7.209094487070217,13.422175925533267
27.674655954969907,52.74591881968043,109.58317938089425,1200,7.868481641710989,12.137686531749125
26.238359124785173,64.65000242761512,125.85812055675049,1121,6.70841762578553,13.400395895893274
20.079998780057156,64.83471268035953,122.35897427390256,1011,6.574997898852343,13.202224625814363
27.07705762874787,58.186677960233375,177.29861140537383,1003,6.538815785091883,14.949587521669509
22.761297232014492,71.42007551659944,123.1696605824068,1033,7.268009898229276,13.163257785730556
24.57780903821813,74.5377414728816,108.14240792214456,865,7.540686261306508,12.860717245707693
24.172915995684775,75.86067953894604,119.6137564871704,892,6.893894846699945,13.705714899626026
26.95469337049159,74.82672843873797,159.81274596901986,1230,6.519098239232227,13.597894481099924
22.895308469031534,57.600397577196176,136.29022791492477,1198,6.124587171486749,12.023256660112208
22.232143971252675,68.51024880907481,167.32778892347858,1105,6.232547876200873,14.217649422734189
20.903062402803464,79.19311183781355,170.84733057770808,850,7.043595439656915,14.815720300297905
23.730007180137093,53.65415690699252,150.974796139911,953,6.655562652590925,13.073901238719731
25.87048844543054,65.03248311829923,152.4068885868766,1248,6.5088497087630826,14.342461829356733
25.59437731229164,61.00664310862961,149.3624200724479,1135,6.38819452842767,12.059842265489609
27.50638026268489,64.45401814579715,162.64084051951767,922,6.096983227434423,12.217198678250167
21.621720114367196,53.14165388493757,196.97847288957587,1148,6.742145957286393,14.329302628900338
21.08440209745535,64.58774362833192,192.04006971651586,1024,6.806438342183084,12.99966602442279
25.25094216285045,79.8129052884622,122.66871462019898,898,7.7323285987914385,14.161044277940471
22.378206348877203,53.12378547482867,112.19240817790968,1222,6.809142273787206,12.513615906828267
26.257576951983708,58.37499240299094,170.72406846282638,1011,6.700501312264489,13.714674136236303
21.26188956834535,64.53693927708751,160.12385331684146,1138,6.694866385865234,13.801179678835341
22.40484165139577,52.47192720109153,100.31835962520212,1128,7.570319433554105,13.10743141383566
22.151125027857535,62.220054212250076,130.11885916442364,1137,6.337277610505465,14.879264734732269
20.729056516859647,65.72242283288408,142.4605513636779,1028,6.633351668804081,13.812417945390663
27.68917423428822,54.84562865382946,134.3967704803809,1063,6.693273929245915,14.937111214440899
25.90098832725279,68.98139299374299,127.0653465928581,1019,6.270765448614137,13.042236951903304
22.135059689704306,74.32482653264464,157.17603873949878,1116,6.229358920751569,13.888344674200658
23.007037283554375,55.28141220506983,101.15907022077192,1235,7.424350796700749,13.487778655665622
21.03428505102502,58.13537295032414,114.47722943860305,1124,6.13098226354502,14.545117976729877
27.409201779735817,57.04295613633858,199.84434648267677,1098,6.526649239637173,12.266057224049009
22.000891640558244,75.49375784954205,195.29961176750092,1160,7.361998446613689,12.309333384849902
20.469742542160247,74.92020179083815,197.56789497366913,1071,7.4358735287457725,13.890671796261795
26.07065639097186,71.81934814029799,154.26653521795026,859,7.410420101570505,12.618488581010684
26.63336337419537,79.84690596612123,198.92184669898637,966,6.09777940209518,13.95944354428963
22.145162590135286,53.27368094501981,167.26916090914898,948,6.7268096852849615,14.207937416103894
24.083520033852448,66.17606216133022,175.83415899599322,928,7.3654901227149665,12.842446339157636
24.062412530050423,62.13645690647686,159.234414289904,980,7.870992982523163,12.529687084421571
27.12232994521006,53.20056181595412,174.80258072610002,899,7.352281346806665,13.274968201701281
22.73659888728339,67.03140125712014,101.13254895911332,927,7.977930672235566,14.376850807100864
25.38588254952031,57.76825996750506,177.45304753822992,871,6.19606310006537,13.660231733998788
24.6435040371462,75.60072690573604,123.11265134997494,1067,6.132158446379244,12.63703016112424
20.290931905933384,55.936883859816874,144.93255771986463,872,7.83359361657009,13.085233380006331
27.029110009671804,70.06402254617274,100.40856202061697,1235,6.207086727192627,13.3096419347814
22.782400319675663,67.93565169469862,163.37726375006423,981,6.314235339625675,13.03516414374463
21.14910738199004,62.203188764539135,172.0212253581875,949,6.410791342688329,12.97047553415805
21.56684521943218,66.7007925075877,174.14941499459712,1066,6.906376163705474,13.105802198732189
21.898160559246776,54.59636895809341,106.90578447691097,1244,7.517141616459758,12.058491633908227
26.558578278071188,76.39746759186687,158.30885563410425,1169,7.225377668097648,12.165001116887746
26.043978670489864,68.5058009094264,160.70196529981916,1212,6.323319055811667,12.165723228169327
27.50592976468296,58.076220990482895,167.22480436973285,861,6.235443402831159,13.802674136454582
25.04075992701464,65.48584811782278,130.84419629377422,856,6.507422721072089,13.043539070331299
25.20614430928059,57.98432183600746,152.60147025223534,941,7.762861591881261,13.030384561246422
21.056868724242612,58.44963201731826,125.07346376279051,1002,6.838226101698735,14.34478694904204
27.716368500181787,76.55849820713608,108.49885981604328,864,6.909349872299508,12.26133453455263
22.137971470919243,55.09902134631489,191.4929745775666,1052,6.644523490648639,12.124629702264405
21.872662835354504,72.25874949122425,147.59542886484934,1159,6.695918079418481,13.277446443214922
25.226824769999034,56.5011084489918,131.19999163260013,986,6.577441852111251,14.38976610771956
21.71250997109667,77.2475865321304,147.8707756127065,1011,6.250087695880814,14.626824794793233
20.394130582970725,61.16030323600637,163.69863048971732,1065,7.143035285993654,13.327612404593395
27.598641223092333,52.02130689869371,185.980691378239,1015,6.659878643921543,12.017857016525955
20.45584815962687,55.4228745452168,118.7989708232928,1001,7.338240403127434,12.319167157601832
23.38207053208194,64.87720391433584,139.22871597735457,942,7.2339143643430175,12.250674442012569
24.87980235903778,79.58297897855081,195.5388887419569,1166,7.24213171225029,14.522868660299087
26.441976639844434,64.28963340891859,195.33782656738757,1233,7.6635779617498745,13.534112074277482
21.14702842044801,77.01197256320637,137.0525079063898,1100,6.677856836654328,12.027452753457888
21.624029847174175,74.5836776280799,162.31885331431755,864,7.358825075918885,14.812902080984085
20.100617942264968,52.05815220629276,171.7671381138711,976,6.584538534151553,14.950654112838103
27.984020298501747,65.38633026670634,168.15259487777382,1121,7.163606076020618,14.992567616320997
23.814922187067936,54.35193392392071,148.4242335424288,1206,6.273668272824216,14.484771906079027
24.212826605818698,74.15120222937534,121.97191177016205,1128,7.474007870389834,13.015572981435751
24.8399737318553,54.27800520750496,165.57420805976693,865,6.015937548380821,12.80547128805261
23.11616079255445,78.01321527264874,183.46309762060721,973,7.413368214383418,14.818708669700188
26.634252782606048,54.46062476618696,130.5145320913544,952,7.155688084648261,12.733128014576566
26.533651182293823,62.09743237860035,194.9268311598227,921,7.4762682206835365,13.87288224063212
26.518464128545062,71.42348868795159,101.67871543238483,973,7.522860101369533,14.167493701998373
25.521615588984382,73.3335803106191,114.96276560502234,1213,7.494207481628636,13.978275211167794
26.351476724317184,71.66005643605132,166.93147577609528,1099,7.394704656485532,13.055760938802589
25.00270764708749,62.73241652967323,154.91219739452004,1164,7.088251636154109,14.056104759057483
27.858752782663007,53.72166907599625,169.51350165283066,957,7.161714404433973,14.702274552357288
24.95774126726771,61.03545058402871,118.20754931575551,960,6.625655807261705,12.329688365705204
25.5918016209353,73.215982014942,152.57652122160016,1035,7.44854853701877,12.081031033748927
24.052037974289682,62.421546874341814,133.74344747289376,1186,7.690907060771577,13.906139223826548
26.64970186829831,68.40180669232886,150.49100681472206,1033,7.863691621666918,14.999826444640625
27.190946779015597,77.08484870538203,149.76439432647092,1189,7.047585972378098,12.682471771402499
27.96415778841926,66.58897770537726,105.47478291292964,1027,6.917111760745581,14.666567114445266
20.389986728764992,77.17694913196382,176.2014040339352,870,7.20519006219906,12.866637013789957
21.03390265311754,55.225782453910334,141.42409916033193,1215,7.160931872623066,14.362061110409028
27.39307830792518,73.32141678491641,161.88388519335038,1028,7.721576594429592,13.221571657716986
27.365695124577258,70.76105047217065,148.94597007362896,872,6.660929612543594,13.108328525027417
21.605283708125167,60.239388258035156,148.87306049511292,928,7.58786315552817,12.8998104605936
20.237284122652003,75.72734707086929,118.33074605697752,1247,7.867674666430657,14.603279256851998
24.738787521211172,56.55283238584643,111.48995620937546,1119,6.596884486103361,12.194728564574962
24.89255034596663,56.57505769412979,135.74911064695453,961,7.792432302867484,13.974469783285778
26.836418749672227,74.37259021710221,107.59828224146108,1174,6.20075289419317,12.486165420656976
26.616212320854764,62.834655041041565,104.29501996913103,971,6.878590453010622,13.975159883094484
22.250973589041934,76.15971226590067,145.79426176863453,1235,7.170346748678692,12.401728116971396
26.712676379418852,53.054804859284594,199.51939427282332,1014,6.907725911932077,12.705334250888864
27.4462293289719,50.926921165282295,180.58287986956896,906,7.395942250353583,13.131061154848176
20.10433972747801,74.63185886323461,128.0623884908943,990,7.674970235179266,14.470577662372142
27.35249837329774,62.37915751209633,175.8845091504367,1059,6.476582751859709,13.272073052353372
23.793257734407142,72.0446126087938,192.77810869664913,1183,7.795527703163253,12.440989040970534
21.657004748184157,67.0932838158715,144.72800667081003,1206,7.263190747681881,12.149662841367146
24.04103498129461,67.89296668143975,183.8647378819425,979,7.832631960185869,14.23535072936144
20.1732909013407,53.94016374068417,114.78229264505512,1183,7.834197956568851,12.040796322708953
26.097268028905003,66.77328114847126,198.79443639702325,915,6.1654799443061865,13.027830035959704
26.211229098801102,61.23739930139254,192.70783098565278,907,7.747740913908263,12.087616253372206
23.370869839312487,77.8028497125596,156.59354765245416,1120,7.385826149603654,14.624039764902665
27.736100451576256,57.27337034329245,194.44296768084848,1063,6.412720209095247,13.318800691512937
20.984014455665847,67.89387193392969,187.5102707189441,1176,6.236292101571786,13.638787302515126
21.05982547751772,54.87362926596349,194.3624769345446,862,7.01637547980827,12.531870667629217
25.573287633365318,70.55539014546021,105.4952489351853,1103,7.533268087528193,12.144364324754887
22.814810421380734,79.70808748569468,165.7367149204582,945,7.511454271838547,13.364317178116446
22.24359153351483,71.18305640963352,174.65560225031248,1074,7.13189067542474,14.12757939247824
24.578052004266645,75.09020144679495,174.59013237692403,918,7.646590120411163,14.661257901415386
27.02758443346906,52.283088581662106,171.38140982104568,967,7.44568609933588,14.448015831999058
26.265903110169504,56.97518922216014,117.55094072383538,1229,6.530730831081912,13.831101026012384
20.005828062443364,63.563805211312484,148.6290787867474,1140,7.249942984191058,12.437106093151952
23.05811130771226,53.16979979100517,106.12920591331601,1144,6.596942891374559,13.431106750771264
25.216598456080977,65.88181617759872,110.81955231370338,911,7.124355926801261,13.354830727691631
26.01333626957595,70.41483398491096,175.69016386281191,902,6.945435937569727,12.340155700894293
20.732008327847712,74.30311431816679,107.48430864853454,1187,7.853282710605852,13.734673799496651
26.888987794100977,51.57948504971313,136.61041537582173,912,6.853900427298139,13.403918614155671
23.51347636987309,79.40929072575344,175.16661546561812,854,7.5920865154005055,12.110937365254145
20.979748057606244,59.625721730322866,156.2792094298582,916,7.927502431554192,14.005694707624599
26.676487142973826,55.250013294269294,170.6841635925964,951,7.1499375602048145,13.412904961378544
25.965185736268865,68.72362834045398,140.84761478909715,1101,7.9566937565612585,13.603426845528285
22.748651309030805,66.00162881829836,194.89269095914807,917,7.343064954383548,14.989304760595942
22.4059147243821,56.58331146126764,142.4146232534947,863,6.171647033265584,14.460867693883877
27.85097653889013,53.44871368168185,119.30644348711695,1206,6.8235061659584115,12.625791256019319
23.846898435944656,75.11568643704972,156.09390809833562,1139,6.655999548751123,12.466633913209469
23.055584964313073,54.838148508230525,138.69831671162297,1187,7.897930273523359,13.02389758157134
20.458360961731422,70.73618207087772,140.19803953146533,1121,7.6241249518392715,13.841592452347388
23.37363243712537,69.50938050029185,180.99297585439405,1079,7.909701593995571,13.703383291983855
26.47237608719561,54.07591621744465,169.7622297432278,893,7.737348400006482,13.733598071727675
23.55446976735858,56.827396316708736,101.75251616669959,972,7.8155330595034185,14.564271831147375
21.509870315020887,55.49827028604282,171.17256235110955,1034,6.900878071573714,12.68658058815145
21.69955470718577,59.87257882459628,163.09818636059305,1204,7.865495569233278,12.467053321961373
24.474816472257842,77.3825421952317,198.08757600950133,917,6.3693925784696415,13.277773481865362
22.505459372082292,58.070189217443215,126.99125474103325,1128,7.238715129419418,13.6552964932854
27.43216662478031,77.70508073808358,105.91510950345685,1001,6.754098665435373,14.010973992392213
22.982560937068452,61.16683302559021,156.23957828966104,1047,7.545982687836011,13.364974829369876
23.59383690968986,64.46669769969033,165.81523380994344,1182,7.21774549515513,14.825678842041619
25.73848651118651,50.71143251473993,149.63785410736162,1191,7.542631419224499,14.853484653680482
26.406337487043285,66.49456568897881,115.14282607208473,1069,6.420318131659191,13.736837489707419
22.586928766078398,68.18413798270794,125.32623886536658,894,6.31208257881738,14.810202722072175
22.745991518758572,53.65547238486595,178.80603957958164,1215,7.610617365563826,12.1474140393034
25.91183763010627,52.20287623729192,177.33740486598575,1248,6.407617886582637,14.124717821954826
25.22955096106736,78.39818171843883,177.10311023580016,942,6.2798151759759495,14.544490795500744
20.865126557175405,61.92388707691928,128.0333668640006,1160,6.185947245095883,12.81775244465288
21.16069316026632,75.97623871910729,139.66272201067443,997,6.84704053977404,14.18969681095491
20.655073389011058,69.34410294482733,179.5345911486411,1107,7.960099975682829,14.84059864202553
24.953755711170146,62.414789160572674,147.87323318221195,1087,7.285666511061073,14.771626395669584
27.732233736941957,62.79470791692719,136.54262082358412,1049,7.309185902866856,12.727831940177413
27.405627139364903,66.60473166390534,168.18358929329884,872,7.9924108544950565,13.651306640004119
26.236565059267257,67.76129777682762,158.05403226791833,1010,6.462607341740079,13.178605944842497
25.43427889081974,61.72254187397802,103.68737210554858,899,7.1169582698213905,12.52370251336627
23.294012028957273,65.57886200039322,161.25642459537005,1205,6.093437189737289,14.53286759129426
24.065002910467022,75.78071228784198,157.3059293860442,1220,7.761560268907266,13.877360863355857
27.06044791727565,76.35847878282746,147.48871429565304,1029,6.583868752319209,12.87244806473399
24.699241119049326,77.4755919438021,184.8263698922983,963,6.111420793610462,14.533840089387347
27.589406717218914,50.21658493917165,110.79124586299535,1138,7.14587921073163,14.312345199549144
20.17381863071344,69.61839112699678,156.2421669718261,1071,6.836120233911011,13.738106649397942
27.52046240039667,76.77068566105723,139.3190473567392,972,6.85351581245071,12.71470306364504
23.367725741073567,50.82707855483475,170.3299014754402,908,7.945378295236691,14.351111154990047
22.499517379392742,57.94470513308942,108.41240280075615,880,7.744029690721663,12.76568115914048
27.916306794264248,76.50936771472136,110.17923300427033,1039,7.460351807139681,14.819986656483934
23.503328666328557,76.6479214290925,194.36346229447966,1123,6.920448887637597,12.280634912129376
26.433295926618435,70.32748422914224,133.2254855610278,1233,7.3672137763447445,13.019546041178874
22.637558235163752,58.213454663800164,111.33876057697015,879,6.570206823110319,12.497196637263016
27.287899227329625,56.074379491652365,180.80579535623673,949,6.855706768739052,12.115016118285196
23.475097572382516,72.73426045466809,151.30460414691913,1113,6.761409132026692,13.283939367821116
27.517117369589275,51.27681429922091,156.57248058988395,1117,7.387567396923245,13.59734380608338
20.14027139488133,64.01450576761651,122.80979231709694,1051,7.393746999931745,12.793634913156922
20.81848756922659,67.38401842147378,148.6129581088438,1031,6.642891749656323,12.98936804236706
21.282414073235557,65.2760381342994,128.18639802427847,984,7.414779364369502,13.613575886777113
23.257117216010197,74.19642856111545,167.94326215345694,1059,7.77956351087682,13.170827983531305
27.368936288895135,66.16592775187677,130.7448011460622,883,7.991130033864392,12.726385169732175
21.94381628206048,56.841980310601066,119.39071479829802,1136,7.21263774978083,12.60810722155506
26.01522762764685,56.40366320798912,104.77231266857552,1212,7.378982461171772,13.723191541022485
20.594061999815455,75.09981586793852,197.12489422038573,1136,6.965510803712773,14.106185538399778
20.616332129682363,55.80153282846758,142.97732719496238,1099,6.207794854524867,12.837951567075518
24.65983168766937,77.25716540538993,144.357003300661,1018,6.036820160774074,14.831180383223293
27.71261082938208,77.14320656751507,172.33785641743327,973,7.1511389613104654,14.503063558431549
26.5467547023652,75.84847483756403,199.6685611135726,1140,6.1453946894120985,12.344290259552427
21.438097493349733,79.10705130380693,116.03657596606365,895,7.570828767155375,12.205466024317278
21.92861937373853,73.71618359168244,165.08900932598627,881,7.410102630972727,13.072818776927665
22.19869564153191,64.43218211895685,122.9326659120702,945,7.885808410644297,14.1035715984282
27.56712277147721,64.73734731943667,154.29787697174993,900,7.900148828181093,12.098835757129988
24.902082106089026,66.22133538817423,167.7195072046309,1030,6.274324699949987,14.011438300278014
20.670391292246585,77.6017309710482,117.34721182323888,1118,7.706265892566102,13.49553759915204
